<?xml version="1.0" encoding="UTF-8"?>
<project-private xmlns="http://www.netbeans.org/ns/project-private/1">
    <editor-bookmarks xmlns="http://www.netbeans.org/ns/editor-bookmarks/2" lastBookmarkId="0"/>
    <open-files xmlns="http://www.netbeans.org/ns/projectui-open-files/2">
        <group>
            <file>file:/C:/Users/Raize/Documents/NetBeansProjects/softking/src/softking/products.java</file>
            <file>file:/C:/Users/Raize/Documents/NetBeansProjects/softking/src/softking/Softking.java</file>
            <file>file:/C:/Users/Raize/Documents/NetBeansProjects/softking/src/softking/customers.java</file>
            <file>file:/C:/Users/Raize/Documents/NetBeansProjects/softking/src/softking/main.java</file>
            <file>file:/C:/Users/Raize/Documents/NetBeansProjects/softking/src/softking/admin.java</file>
            <file>file:/C:/Users/Raize/Documents/NetBeansProjects/softking/src/softking/salesandaccount.java</file>
        </group>
    </open-files>
</project-private>
